<?xml version="1.0" encoding="UTF-8"?>
<LightningComponentBundle xmlns="http://soap.sforce.com/2006/04/metadata">
    <apiVersion>58.0</apiVersion>
        <isExposed>true</isExposed>
        <targets>
            <target>lightning__AppPage</target>
        </targets>
        <targetConfigs>  
            <targetConfig targets="lightning__AppPage">
                <property name="metaDataName" type="String" default="Test_Job" label="Enter Custom Meta Name"/>
            </targetConfig>
        </targetConfigs> 
</LightningComponentBundle>