<?xml version="1.0" encoding="UTF-8"?>
<ListView xmlns="http://soap.sforce.com/2006/04/metadata">
    <fullName>LWC_Demo_Account</fullName>
    <columns>ACCOUNT.NAME</columns>
    <columns>ACCOUNT.CREATED_DATE</columns>
    <columns>ACCOUNT.LAST_UPDATE</columns>
    <columns>UPDATEDBY_USER.ALIAS</columns>
    <filterScope>Everything</filterScope>
    <filters>
        <field>ACCOUNT.NAME</field>
        <operation>contains</operation>
        <value>LWC Orchestration Test Account</value>
    </filters>
    <label>LWC Demo Account</label>
</ListView>
