<?xml version="1.0" encoding="UTF-8"?>
<PermissionSet xmlns="http://soap.sforce.com/2006/04/metadata">
    <classAccesses>
        <apexClass>UIJobController</apexClass>
        <enabled>true</enabled>
    </classAccesses>  
    <classAccesses>
        <apexClass>UIJobFlowDemo_Action</apexClass>
        <enabled>true</enabled>
    </classAccesses>   
    <classAccesses>
        <apexClass>UIJobControllerTest</apexClass>
        <enabled>true</enabled>
    </classAccesses>
    <classAccesses>
        <apexClass>UIJobFlow_UITask</apexClass>
        <enabled>true</enabled>
    </classAccesses>
    <classAccesses>
        <apexClass>UIJobTaskAbstract</apexClass>
        <enabled>true</enabled>
    </classAccesses>
    <classAccesses>
        <apexClass>UIJobTaskClassSample</apexClass>
        <enabled>true</enabled>
    </classAccesses>
    <classAccesses>
        <apexClass>UIJobTaskClassSampleError</apexClass>
        <enabled>true</enabled>
    </classAccesses>
    <classAccesses>
        <apexClass>UIJobTaskInterface</apexClass>
        <enabled>true</enabled>
    </classAccesses>
    <classAccesses>
        <apexClass>UIJobTaskQueueable</apexClass>
        <enabled>true</enabled>
    </classAccesses>
    <customMetadataTypeAccesses>
        <enabled>true</enabled>
        <name>UI_Job_Configuration__mdt</name>
    </customMetadataTypeAccesses>
    <customMetadataTypeAccesses>
        <enabled>true</enabled>
        <name>UI_Task_Configuration__mdt</name>
    </customMetadataTypeAccesses>
    <fieldPermissions>
        <editable>true</editable>
        <field>UI_Job_Status__c.Error_Message__c</field>
        <readable>true</readable>
    </fieldPermissions>
    <fieldPermissions>
        <editable>true</editable>
        <field>UI_Job_Status__c.InputJSON__c</field>
        <readable>true</readable>
    </fieldPermissions>
    <fieldPermissions>
        <editable>true</editable>
        <field>UI_Job_Status__c.Job_Id__c</field>
        <readable>true</readable>
    </fieldPermissions>
    <fieldPermissions>
        <editable>true</editable>
        <field>UI_Job_Status__c.Status__c</field>
        <readable>true</readable>
    </fieldPermissions>
    <fieldPermissions>
        <editable>true</editable>
        <field>UI_Job_Status__c.Task_Configuration_Id__c</field>
        <readable>true</readable>
    </fieldPermissions>
    <hasActivationRequired>false</hasActivationRequired>
    <label>UI Job</label>
    <objectPermissions>
        <allowCreate>true</allowCreate>
        <allowDelete>true</allowDelete>
        <allowEdit>true</allowEdit>
        <allowRead>true</allowRead>
        <modifyAllRecords>false</modifyAllRecords>
        <object>UI_Job_Status__c</object>
        <viewAllRecords>false</viewAllRecords>
    </objectPermissions>
</PermissionSet>
