<?xml version="1.0" encoding="UTF-8"?>
<CustomMetadata xmlns="http://soap.sforce.com/2006/04/metadata" xmlns:xsi="http://www.w3.org/2001/XMLSchema-instance">
    <label>Demo Flow Job</label>
    <protected>false</protected>
    <values>
        <field>ClassNames__c</field>
        <value xsi:nil="true"/>
    </values>
    <values>
        <field>Parameter_String_1__c</field>
        <value xsi:nil="true"/>
    </values>
    <values>
        <field>Parameter_String_2__c</field>
        <value xsi:nil="true"/>
    </values>
    <values>
        <field>Parameter_String_3__c</field>
        <value xsi:nil="true"/>
    </values>
</CustomMetadata>
