<?xml version="1.0" encoding="UTF-8"?>
<CustomApplication xmlns="http://soap.sforce.com/2006/04/metadata">
    <brand>
        <headerColor>#0070D2</headerColor>
        <shouldOverrideOrgTheme>false</shouldOverrideOrgTheme>
    </brand>
    <description>Sample Application for UI Job</description>
    <formFactors>Small</formFactors>
    <formFactors>Large</formFactors>
    <isNavAutoTempTabsDisabled>false</isNavAutoTempTabsDisabled>
    <isNavPersonalizationDisabled>false</isNavPersonalizationDisabled>
    <isNavTabPersistenceDisabled>false</isNavTabPersistenceDisabled>
    <label>UI Job Application</label>
    <navType>Console</navType>
    <tabs>UI_Job</tabs>
    <tabs>standard-Account</tabs>
    <uiType>Lightning</uiType>
    <utilityBar>UI_Job_Application_UtilityBar</utilityBar>
    <workspaceConfig>
        <mappings>
            <tab>UI_Job</tab>
        </mappings>
        <mappings>
            <tab>standard-Account</tab>
        </mappings>
    </workspaceConfig>
</CustomApplication>
