<?xml version="1.0" encoding="UTF-8"?>
<Flow xmlns="http://soap.sforce.com/2006/04/metadata">
    <apiVersion>61.0</apiVersion>
    <environments>Default</environments>
    <interviewLabel>UI Job Screen Flow Sample {!$Flow.CurrentDateTime}</interviewLabel>
    <label>UI Job Screen Flow Sample</label>
    <processMetadataValues>
        <name>BuilderType</name>
        <value>
            <stringValue>LightningFlowBuilder</stringValue>
        </value>
    </processMetadataValues>
    <processMetadataValues>
        <name>CanvasMode</name>
        <value>
            <stringValue>AUTO_LAYOUT_CANVAS</stringValue>
        </value>
    </processMetadataValues>
    <processMetadataValues>
        <name>OriginBuilderType</name>
        <value>
            <stringValue>LightningFlowBuilder</stringValue>
        </value>
    </processMetadataValues>
    <processType>Flow</processType>
    <screens>
        <name>Success</name>
        <label>Success</label>
        <locationX>176</locationX>
        <locationY>242</locationY>
        <allowBack>true</allowBack>
        <allowFinish>true</allowFinish>
        <allowPause>true</allowPause>
        <fields>
            <name>SuccessMessage</name>
            <fieldText>&lt;p&gt;Job is successfully finished.&lt;/p&gt;</fieldText>
            <fieldType>DisplayText</fieldType>
        </fields>
        <showFooter>true</showFooter>
        <showHeader>true</showHeader>
    </screens>
    <screens>
        <name>UI_Job_Sample_in_Flow</name>
        <label>UI Job Sample in Flow</label>
        <locationX>176</locationX>
        <locationY>134</locationY>
        <allowBack>false</allowBack>
        <allowFinish>true</allowFinish>
        <allowPause>false</allowPause>
        <connector>
            <targetReference>Success</targetReference>
        </connector>
        <fields>
            <name>UIJobComp</name>
            <extensionName>c:uiJobController</extensionName>
            <fieldType>ComponentInstance</fieldType>
            <inputParameters>
                <name>isdisplaybutton</name>
                <value>
                    <booleanValue>false</booleanValue>
                </value>
            </inputParameters>
            <inputParameters>
                <name>metadataname</name>
                <value>
                    <stringValue>Test_Job</stringValue>
                </value>
            </inputParameters>
            <inputParameters>
                <name>flownsucessaction</name>
                <value>
                    <stringValue>Next</stringValue>
                </value>
            </inputParameters>
            <inputsOnNextNavToAssocScrn>UseStoredValues</inputsOnNextNavToAssocScrn>
            <isRequired>true</isRequired>
            <storeOutputAutomatically>true</storeOutputAutomatically>
        </fields>
        <showFooter>true</showFooter>
        <showHeader>true</showHeader>
    </screens>
    <start>
        <locationX>50</locationX>
        <locationY>0</locationY>
        <connector>
            <targetReference>UI_Job_Sample_in_Flow</targetReference>
        </connector>
    </start>
    <status>Draft</status>
</Flow>
